year,pa_per_car
2013,1.5786679282973244
2015,1.3456428262249984
2014,1.4298187814351133
